,Date_Time,home,away,home_goal,away_goal,Location,Coordinates,Date,Time,Coordinates_lat,Coordinates_long
0,2015-08-08T11:45:00,Manchester United ,Tottenham Hotspur ,1.0,0.0,Trafford,"(53.4189014, -2.35946945066462)",2015-08-08,11:45:00,,
1,2015-08-08T14:00:00,AFC Bournemouth,Aston Villa ,0.0,1.0,Bournemouth,"(50.74467035, -1.85798080318094)",2015-08-08,14:00:00,51.5073219,-0.1276473
2,2015-08-08T14:00:00,Norwich City ,Crystal Palace ,1.0,3.0,Norwich,"(52.628606, 1.29227)",2015-08-08,14:00:00,,
3,2015-08-08T14:00:00,Leicester City ,Sunderland AFC,4.0,2.0,Leicester,"(52.6367811, -1.1312288)",2015-08-08,14:00:00,,
4,2015-08-08T14:00:00,Everton ,Watford ,2.0,2.0,Liverpool,"(53.4054719, -2.9805391)",2015-08-08,14:00:00,,
5,2015-08-08T14:00:00,Leicester City ,Sunderland AFC,4.0,2.0,Leicester,"(52.6367811, -1.1312288)",2015-08-08,14:00:00,,
6,2015-08-08T16:30:00,Chelsea ,Swansea City ,2.0,2.0,London,"(51.5073219, -0.1276473)",2015-08-08,16:30:00,,
7,2015-08-09T12:30:00,Arsenal ,West Ham United ,0.0,2.0,London,"(51.5073219, -0.1276473)",2015-08-09,12:30:00,,
8,2015-08-09T12:30:00,Arsenal ,West Ham United ,0.0,2.0,London,"(51.5073219, -0.1276473)",2015-08-09,12:30:00,,
9,2015-08-09T12:30:00,Newcastle United ,Southampton ,2.0,2.0,Newcastle upon Tyne,"(54.9770924, -1.6142058)",2015-08-09,12:30:00,,
10,2015-08-09T15:00:00,Stoke City ,Liverpool ,0.0,1.0,Stoke-on-Trent,"(53.0162014, -2.1812606)",2015-08-09,15:00:00,,
11,2015-08-10T19:00:00,West Bromwich Albion ,Manchester City ,0.0,3.0,West Bromwich,"(52.5186579, -1.9923113)",2015-08-10,19:00:00,,
12,2015-08-14T18:45:00,Aston Villa ,Manchester United ,0.0,1.0,Birmingham,"(52.4776875, -1.8948515)",2015-08-14,18:45:00,,
13,2015-08-15T11:45:00,Southampton ,Everton ,0.0,3.0,Southampton,"(50.9025349, -1.4041889)",2015-08-15,11:45:00,,
14,2015-08-15T11:45:00,Southampton ,Everton ,0.0,3.0,Southampton,"(50.9025349, -1.4041889)",2015-08-15,11:45:00,,
15,2015-08-15T14:00:00,Watford ,West Bromwich Albion ,0.0,0.0,Watford,"(51.6553875, -0.3957424)",2015-08-15,14:00:00,,
16,2015-08-15T14:00:00,Sunderland AFC,Norwich City ,1.0,3.0,Sunderland,"(54.9063791, -1.3750529)",2015-08-15,14:00:00,,
17,2015-08-15T14:00:00,Sunderland AFC,Norwich City ,1.0,3.0,Sunderland,"(54.9063791, -1.3750529)",2015-08-15,14:00:00,,
18,2015-08-15T14:00:00,West Ham United ,Leicester City ,1.0,2.0,London,"(51.5073219, -0.1276473)",2015-08-15,14:00:00,,
19,2015-08-15T14:00:00,West Ham United ,Leicester City ,1.0,2.0,London,"(51.5073219, -0.1276473)",2015-08-15,14:00:00,,
20,2015-08-15T14:00:00,Swansea City ,Newcastle United ,2.0,0.0,Swansea,"(51.6211442, -3.946775)",2015-08-15,14:00:00,,
21,2015-08-15T14:00:00,Tottenham Hotspur ,Stoke City ,2.0,2.0,London,"(51.5073219, -0.1276473)",2015-08-15,14:00:00,,
22,2015-08-16T12:30:00,Crystal Palace ,Arsenal ,1.0,2.0,London,"(51.5073219, -0.1276473)",2015-08-16,12:30:00,,
23,2015-08-16T15:00:00,Manchester City ,Chelsea ,3.0,0.0,Manchester,"(53.4791301, -2.2441008)",2015-08-16,15:00:00,,
24,2015-08-16T15:00:00,Manchester City ,Chelsea ,3.0,0.0,Manchester,"(53.4791301, -2.2441008)",2015-08-16,15:00:00,,
25,2015-08-17T19:00:00,Liverpool ,AFC Bournemouth,1.0,0.0,Liverpool,"(53.4054719, -2.9805391)",2015-08-17,19:00:00,,
26,2015-08-22T11:45:00,Manchester United ,Newcastle United ,0.0,0.0,Trafford,"(53.4189014, -2.35946945066462)",2015-08-22,11:45:00,,
27,2015-08-22T14:00:00,Leicester City ,Tottenham Hotspur ,1.0,1.0,Leicester,"(52.6367811, -1.1312288)",2015-08-22,14:00:00,,
28,2015-08-22T14:00:00,Leicester City ,Tottenham Hotspur ,1.0,1.0,Leicester,"(52.6367811, -1.1312288)",2015-08-22,14:00:00,,
29,2015-08-22T14:00:00,West Ham United ,AFC Bournemouth,3.0,4.0,London,"(51.5073219, -0.1276473)",2015-08-22,14:00:00,,
30,2015-08-22T14:00:00,Sunderland AFC,Swansea City ,1.0,1.0,Sunderland,"(54.9063791, -1.3750529)",2015-08-22,14:00:00,,
31,2015-08-22T14:00:00,Sunderland AFC,Swansea City ,1.0,1.0,Sunderland,"(54.9063791, -1.3750529)",2015-08-22,14:00:00,,
32,2015-08-22T14:00:00,West Ham United ,AFC Bournemouth,3.0,4.0,London,"(51.5073219, -0.1276473)",2015-08-22,14:00:00,,
33,2015-08-22T14:00:00,Norwich City ,Stoke City ,1.0,1.0,Norwich,"(52.628606, 1.29227)",2015-08-22,14:00:00,,
34,2015-08-22T14:00:00,Crystal Palace ,Aston Villa ,2.0,1.0,London,"(51.5073219, -0.1276473)",2015-08-22,14:00:00,,
35,2015-08-23T12:30:00,West Bromwich Albion ,Chelsea ,2.0,3.0,West Bromwich,"(52.5186579, -1.9923113)",2015-08-23,12:30:00,,
36,2015-08-23T15:00:00,Everton ,Manchester City ,0.0,2.0,Liverpool,"(53.4054719, -2.9805391)",2015-08-23,15:00:00,,
37,2015-08-23T15:00:00,Watford ,Southampton ,0.0,0.0,Watford,"(51.6553875, -0.3957424)",2015-08-23,15:00:00,,
38,2015-08-24T19:00:00,Arsenal ,Liverpool ,0.0,0.0,London,"(51.5073219, -0.1276473)",2015-08-24,19:00:00,54.5760419,-1.2344046
39,2015-08-24T19:00:00,Arsenal ,Liverpool ,0.0,0.0,London,"(51.5073219, -0.1276473)",2015-08-24,19:00:00,54.9770924,-1.6142058
40,2015-08-29T11:45:00,Newcastle United ,Arsenal ,0.0,1.0,Newcastle upon Tyne,"(54.9770924, -1.6142058)",2015-08-29,11:45:00,,
41,2015-08-29T14:00:00,Manchester City ,Watford ,2.0,0.0,Manchester,"(53.4791301, -2.2441008)",2015-08-29,14:00:00,,
42,2015-08-29T14:00:00,AFC Bournemouth,Leicester City ,1.0,1.0,Bournemouth,"(50.74467035, -1.85798080318094)",2015-08-29,14:00:00,52.4776875,-1.8948515
43,2015-08-29T14:00:00,Aston Villa ,Sunderland AFC,2.0,2.0,Birmingham,"(52.4776875, -1.8948515)",2015-08-29,14:00:00,,
44,2015-08-29T14:00:00,Chelsea ,Crystal Palace ,1.0,2.0,London,"(51.5073219, -0.1276473)",2015-08-29,14:00:00,,
45,2015-08-29T14:00:00,Manchester City ,Watford ,2.0,0.0,Manchester,"(53.4791301, -2.2441008)",2015-08-29,14:00:00,,
46,2015-08-29T14:00:00,Stoke City ,West Bromwich Albion ,0.0,1.0,Stoke-on-Trent,"(53.0162014, -2.1812606)",2015-08-29,14:00:00,,
47,2015-08-29T14:00:00,Liverpool ,West Ham United ,0.0,3.0,Liverpool,"(53.4054719, -2.9805391)",2015-08-29,14:00:00,,
48,2015-08-29T16:30:00,Tottenham Hotspur ,Everton ,0.0,0.0,London,"(51.5073219, -0.1276473)",2015-08-29,16:30:00,,
49,2015-08-30T12:30:00,Southampton ,Norwich City ,3.0,0.0,Southampton,"(50.9025349, -1.4041889)",2015-08-30,12:30:00,,
50,2015-08-30T12:30:00,Southampton ,Norwich City ,3.0,0.0,Southampton,"(50.9025349, -1.4041889)",2015-08-30,12:30:00,,
51,2015-08-30T15:00:00,Swansea City ,Manchester United ,2.0,1.0,Swansea,"(51.6211442, -3.946775)",2015-08-30,15:00:00,,
52,2015-09-12T11:45:00,Everton ,Chelsea ,3.0,1.0,Liverpool,"(53.4054719, -2.9805391)",2015-09-12,11:45:00,,
53,2015-09-12T14:00:00,Norwich City ,AFC Bournemouth,3.0,1.0,Norwich,"(52.628606, 1.29227)",2015-09-12,14:00:00,,
54,2015-09-12T14:00:00,West Bromwich Albion ,Southampton ,0.0,0.0,West Bromwich,"(52.5186579, -1.9923113)",2015-09-12,14:00:00,,
55,2015-09-12T14:00:00,Arsenal ,Stoke City ,2.0,0.0,London,"(51.5073219, -0.1276473)",2015-09-12,14:00:00,54.9063791,-1.3750529
56,2015-09-12T14:00:00,Arsenal ,Stoke City ,2.0,0.0,London,"(51.5073219, -0.1276473)",2015-09-12,14:00:00,53.0162014,-2.1812606
57,2015-09-12T14:00:00,Watford ,Swansea City ,1.0,0.0,Watford,"(51.6553875, -0.3957424)",2015-09-12,14:00:00,,
58,2015-09-12T14:00:00,Crystal Palace ,Manchester City ,0.0,1.0,London,"(51.5073219, -0.1276473)",2015-09-12,14:00:00,,
59,2015-09-12T16:30:00,Manchester United ,Liverpool ,3.0,1.0,Trafford,"(53.4189014, -2.35946945066462)",2015-09-12,16:30:00,,
60,2015-09-13T12:30:00,Sunderland AFC,Tottenham Hotspur ,0.0,1.0,Sunderland,"(54.9063791, -1.3750529)",2015-09-13,12:30:00,,
61,2015-09-13T12:30:00,Sunderland AFC,Tottenham Hotspur ,0.0,1.0,Sunderland,"(54.9063791, -1.3750529)",2015-09-13,12:30:00,,
62,2015-09-13T15:00:00,Leicester City ,Aston Villa ,3.0,2.0,Leicester,"(52.6367811, -1.1312288)",2015-09-13,15:00:00,,
63,2015-09-13T15:00:00,Leicester City ,Aston Villa ,3.0,2.0,Leicester,"(52.6367811, -1.1312288)",2015-09-13,15:00:00,,
64,2015-09-14T19:00:00,West Ham United ,Newcastle United ,2.0,0.0,London,"(51.5073219, -0.1276473)",2015-09-14,19:00:00,,
65,2015-09-14T19:00:00,West Ham United ,Newcastle United ,2.0,0.0,London,"(51.5073219, -0.1276473)",2015-09-14,19:00:00,,
66,2015-09-19T11:45:00,Chelsea ,Arsenal ,2.0,0.0,London,"(51.5073219, -0.1276473)",2015-09-19,11:45:00,,
67,2015-09-19T14:00:00,Aston Villa ,West Bromwich Albion ,0.0,1.0,Birmingham,"(52.4776875, -1.8948515)",2015-09-19,14:00:00,,
68,2015-09-19T14:00:00,Swansea City ,Everton ,0.0,0.0,Swansea,"(51.6211442, -3.946775)",2015-09-19,14:00:00,,
69,2015-09-19T14:00:00,AFC Bournemouth,Sunderland AFC,2.0,0.0,Bournemouth,"(50.74467035, -1.85798080318094)",2015-09-19,14:00:00,51.5073219,-0.1276473
70,2015-09-19T14:00:00,Stoke City ,Leicester City ,2.0,2.0,Stoke-on-Trent,"(53.0162014, -2.1812606)",2015-09-19,14:00:00,,
71,2015-09-19T14:00:00,Newcastle United ,Watford ,1.0,2.0,Newcastle upon Tyne,"(54.9770924, -1.6142058)",2015-09-19,14:00:00,,
72,2015-09-19T16:30:00,Manchester City ,West Ham United ,1.0,2.0,Manchester,"(53.4791301, -2.2441008)",2015-09-19,16:30:00,,
73,2015-09-19T16:30:00,Manchester City ,West Ham United ,1.0,2.0,Manchester,"(53.4791301, -2.2441008)",2015-09-19,16:30:00,,
74,2015-09-20T12:30:00,Tottenham Hotspur ,Crystal Palace ,1.0,0.0,London,"(51.5073219, -0.1276473)",2015-09-20,12:30:00,,
75,2015-09-20T15:00:00,Liverpool ,Norwich City ,1.0,1.0,Liverpool,"(53.4054719, -2.9805391)",2015-09-20,15:00:00,,
76,2015-09-20T15:00:00,Southampton ,Manchester United ,2.0,3.0,Southampton,"(50.9025349, -1.4041889)",2015-09-20,15:00:00,,
77,2015-09-20T15:00:00,Southampton ,Manchester United ,2.0,3.0,Southampton,"(50.9025349, -1.4041889)",2015-09-20,15:00:00,,
78,2015-09-26T11:45:00,Tottenham Hotspur ,Manchester City ,4.0,1.0,London,"(51.5073219, -0.1276473)",2015-09-26,11:45:00,,
79,2015-09-26T14:00:00,Stoke City ,AFC Bournemouth,2.0,1.0,Stoke-on-Trent,"(53.0162014, -2.1812606)",2015-09-26,14:00:00,,
80,2015-09-26T14:00:00,Leicester City ,Arsenal ,2.0,5.0,Leicester,"(52.6367811, -1.1312288)",2015-09-26,14:00:00,,
81,2015-09-26T14:00:00,Southampton ,Swansea City ,3.0,1.0,Southampton,"(50.9025349, -1.4041889)",2015-09-26,14:00:00,,
82,2015-09-26T14:00:00,Southampton ,Swansea City ,3.0,1.0,Southampton,"(50.9025349, -1.4041889)",2015-09-26,14:00:00,,
83,2015-09-26T14:00:00,Liverpool ,Aston Villa ,3.0,2.0,Liverpool,"(53.4054719, -2.9805391)",2015-09-26,14:00:00,,
84,2015-09-26T14:00:00,West Ham United ,Norwich City ,2.0,2.0,London,"(51.5073219, -0.1276473)",2015-09-26,14:00:00,,
85,2015-09-26T14:00:00,West Ham United ,Norwich City ,2.0,2.0,London,"(51.5073219, -0.1276473)",2015-09-26,14:00:00,,
86,2015-09-26T14:00:00,Manchester United ,Sunderland AFC,3.0,0.0,Trafford,"(53.4189014, -2.35946945066462)",2015-09-26,14:00:00,,
87,2015-09-26T14:00:00,Leicester City ,Arsenal ,2.0,5.0,Leicester,"(52.6367811, -1.1312288)",2015-09-26,14:00:00,,
88,2015-09-26T16:30:00,Newcastle United ,Chelsea ,2.0,2.0,Newcastle upon Tyne,"(54.9770924, -1.6142058)",2015-09-26,16:30:00,,
89,2015-09-27T15:00:00,Watford ,Crystal Palace ,0.0,1.0,Watford,"(51.6553875, -0.3957424)",2015-09-27,15:00:00,,
90,2015-09-28T19:00:00,West Bromwich Albion ,Everton ,2.0,3.0,West Bromwich,"(52.5186579, -1.9923113)",2015-09-28,19:00:00,,
91,2015-10-03T11:45:00,Crystal Palace ,West Bromwich Albion ,2.0,0.0,London,"(51.5073219, -0.1276473)",2015-10-03,11:45:00,,
92,2015-10-03T14:00:00,Sunderland AFC,West Ham United ,2.0,2.0,Sunderland,"(54.9063791, -1.3750529)",2015-10-03,14:00:00,,
93,2015-10-03T14:00:00,Norwich City ,Leicester City ,1.0,2.0,Norwich,"(52.628606, 1.29227)",2015-10-03,14:00:00,,
94,2015-10-03T14:00:00,AFC Bournemouth,Watford ,1.0,1.0,Bournemouth,"(50.74467035, -1.85798080318094)",2015-10-03,14:00:00,51.5073219,-0.1276473
95,2015-10-03T14:00:00,Manchester City ,Newcastle United ,6.0,1.0,Manchester,"(53.4791301, -2.2441008)",2015-10-03,14:00:00,,
96,2015-10-03T14:00:00,Manchester City ,Newcastle United ,6.0,1.0,Manchester,"(53.4791301, -2.2441008)",2015-10-03,14:00:00,,
97,2015-10-03T14:00:00,Sunderland AFC,West Ham United ,2.0,2.0,Sunderland,"(54.9063791, -1.3750529)",2015-10-03,14:00:00,,
98,2015-10-03T14:00:00,Aston Villa ,Stoke City ,0.0,1.0,Birmingham,"(52.4776875, -1.8948515)",2015-10-03,14:00:00,,
99,2015-10-03T16:30:00,Chelsea ,Southampton ,1.0,3.0,London,"(51.5073219, -0.1276473)",2015-10-03,16:30:00,,
100,2015-10-04T12:30:00,Everton ,Liverpool ,1.0,1.0,Liverpool,"(53.4054719, -2.9805391)",2015-10-04,12:30:00,,
101,2015-10-04T15:00:00,Arsenal ,Manchester United ,3.0,0.0,London,"(51.5073219, -0.1276473)",2015-10-04,15:00:00,50.8036831,-1.0756139
102,2015-10-04T15:00:00,Arsenal ,Manchester United ,3.0,0.0,London,"(51.5073219, -0.1276473)",2015-10-04,15:00:00,53.5415797,-2.114783
103,2015-10-04T15:00:00,Swansea City ,Tottenham Hotspur ,2.0,2.0,Swansea,"(51.6211442, -3.946775)",2015-10-04,15:00:00,,
104,2015-10-17T11:45:00,Tottenham Hotspur ,Liverpool ,0.0,0.0,London,"(51.5073219, -0.1276473)",2015-10-17,11:45:00,,
105,2015-10-17T14:00:00,Southampton ,Leicester City ,2.0,2.0,Southampton,"(50.9025349, -1.4041889)",2015-10-17,14:00:00,,
106,2015-10-17T14:00:00,Crystal Palace ,West Ham United ,1.0,3.0,London,"(51.5073219, -0.1276473)",2015-10-17,14:00:00,,
107,2015-10-17T14:00:00,West Bromwich Albion ,Sunderland AFC,1.0,0.0,West Bromwich,"(52.5186579, -1.9923113)",2015-10-17,14:00:00,,
108,2015-10-17T14:00:00,Manchester City ,AFC Bournemouth,5.0,1.0,Manchester,"(53.4791301, -2.2441008)",2015-10-17,14:00:00,,
109,2015-10-17T14:00:00,Everton ,Manchester United ,0.0,3.0,Liverpool,"(53.4054719, -2.9805391)",2015-10-17,14:00:00,,
110,2015-10-17T14:00:00,Chelsea ,Aston Villa ,2.0,0.0,London,"(51.5073219, -0.1276473)",2015-10-17,14:00:00,,
111,2015-10-17T14:00:00,Manchester City ,AFC Bournemouth,5.0,1.0,Manchester,"(53.4791301, -2.2441008)",2015-10-17,14:00:00,,
112,2015-10-17T14:00:00,Southampton ,Leicester City ,2.0,2.0,Southampton,"(50.9025349, -1.4041889)",2015-10-17,14:00:00,,
113,2015-10-17T16:30:00,Watford ,Arsenal ,0.0,3.0,Watford,"(51.6553875, -0.3957424)",2015-10-17,16:30:00,,
114,2015-10-18T15:00:00,Newcastle United ,Norwich City ,6.0,2.0,Newcastle upon Tyne,"(54.9770924, -1.6142058)",2015-10-18,15:00:00,,
115,2015-10-19T19:00:00,Swansea City ,Stoke City ,0.0,1.0,Swansea,"(51.6211442, -3.946775)",2015-10-19,19:00:00,,
116,2015-10-24T14:00:00,Leicester City ,Crystal Palace ,1.0,0.0,Leicester,"(52.6367811, -1.1312288)",2015-10-24,14:00:00,,
117,2015-10-24T14:00:00,Leicester City ,Crystal Palace ,1.0,0.0,Leicester,"(52.6367811, -1.1312288)",2015-10-24,14:00:00,,
118,2015-10-24T14:00:00,Norwich City ,West Bromwich Albion ,0.0,1.0,Norwich,"(52.628606, 1.29227)",2015-10-24,14:00:00,,
119,2015-10-24T14:00:00,Stoke City ,Watford ,0.0,2.0,Stoke-on-Trent,"(53.0162014, -2.1812606)",2015-10-24,14:00:00,,
120,2015-10-24T14:00:00,Aston Villa ,Swansea City ,1.0,2.0,Birmingham,"(52.4776875, -1.8948515)",2015-10-24,14:00:00,,
121,2015-10-24T14:00:00,West Ham United ,Chelsea ,2.0,1.0,London,"(51.5073219, -0.1276473)",2015-10-24,14:00:00,,
122,2015-10-24T14:00:00,West Ham United ,Chelsea ,2.0,1.0,London,"(51.5073219, -0.1276473)",2015-10-24,14:00:00,,
123,2015-10-24T16:30:00,Arsenal ,Everton ,2.0,1.0,London,"(51.5073219, -0.1276473)",2015-10-24,16:30:00,53.4791301,-2.2441008
124,2015-10-24T16:30:00,Arsenal ,Everton ,2.0,1.0,London,"(51.5073219, -0.1276473)",2015-10-24,16:30:00,53.4791301,-2.2441008
125,2015-10-25T12:00:00,Sunderland AFC,Newcastle United ,3.0,0.0,Sunderland,"(54.9063791, -1.3750529)",2015-10-25,12:00:00,,
126,2015-10-25T12:00:00,Sunderland AFC,Newcastle United ,3.0,0.0,Sunderland,"(54.9063791, -1.3750529)",2015-10-25,12:00:00,,
127,2015-10-25T14:05:00,Manchester United ,Manchester City ,0.0,0.0,Trafford,"(53.4189014, -2.35946945066462)",2015-10-25,14:05:00,,
128,2015-10-25T14:05:00,AFC Bournemouth,Tottenham Hotspur ,1.0,5.0,Bournemouth,"(50.74467035, -1.85798080318094)",2015-10-25,14:05:00,52.4081812,-1.5104769
129,2015-10-25T16:15:00,Liverpool ,Southampton ,1.0,1.0,Liverpool,"(53.4054719, -2.9805391)",2015-10-25,16:15:00,,
130,2015-10-31T12:45:00,Chelsea ,Liverpool ,1.0,3.0,London,"(51.5073219, -0.1276473)",2015-10-31,12:45:00,,
131,2015-10-31T15:00:00,Crystal Palace ,Manchester United ,0.0,0.0,London,"(51.5073219, -0.1276473)",2015-10-31,15:00:00,,
132,2015-10-31T15:00:00,Manchester City ,Norwich City ,2.0,1.0,Manchester,"(53.4791301, -2.2441008)",2015-10-31,15:00:00,,
133,2015-10-31T15:00:00,Watford ,West Ham United ,2.0,0.0,Watford,"(51.6553875, -0.3957424)",2015-10-31,15:00:00,,
134,2015-10-31T15:00:00,Manchester City ,Norwich City ,2.0,1.0,Manchester,"(53.4791301, -2.2441008)",2015-10-31,15:00:00,,
135,2015-10-31T15:00:00,Swansea City ,Arsenal ,0.0,3.0,Swansea,"(51.6211442, -3.946775)",2015-10-31,15:00:00,,
136,2015-10-31T15:00:00,Newcastle United ,Stoke City ,0.0,0.0,Newcastle upon Tyne,"(54.9770924, -1.6142058)",2015-10-31,15:00:00,,
137,2015-10-31T15:00:00,West Bromwich Albion ,Leicester City ,2.0,3.0,West Bromwich,"(52.5186579, -1.9923113)",2015-10-31,15:00:00,,
138,2015-11-01T13:30:00,Everton ,Sunderland AFC,6.0,2.0,Liverpool,"(53.4054719, -2.9805391)",2015-11-01,13:30:00,,
139,2015-11-01T16:00:00,Southampton ,AFC Bournemouth,2.0,0.0,Southampton,"(50.9025349, -1.4041889)",2015-11-01,16:00:00,,
140,2015-11-01T16:00:00,Southampton ,AFC Bournemouth,2.0,0.0,Southampton,"(50.9025349, -1.4041889)",2015-11-01,16:00:00,,
141,2015-11-02T20:00:00,Tottenham Hotspur ,Aston Villa ,3.0,1.0,London,"(51.5073219, -0.1276473)",2015-11-02,20:00:00,,
142,2015-11-07T12:45:00,AFC Bournemouth,Newcastle United ,0.0,1.0,Bournemouth,"(50.74467035, -1.85798080318094)",2015-11-07,12:45:00,53.577694,-2.4288873
143,2015-11-07T15:00:00,Manchester United ,West Bromwich Albion ,2.0,0.0,Trafford,"(53.4189014, -2.35946945066462)",2015-11-07,15:00:00,,
144,2015-11-07T15:00:00,Norwich City ,Swansea City ,1.0,0.0,Norwich,"(52.628606, 1.29227)",2015-11-07,15:00:00,,
145,2015-11-07T15:00:00,West Ham United ,Everton ,1.0,1.0,London,"(51.5073219, -0.1276473)",2015-11-07,15:00:00,,
146,2015-11-07T15:00:00,Leicester City ,Watford ,2.0,1.0,Leicester,"(52.6367811, -1.1312288)",2015-11-07,15:00:00,,
147,2015-11-07T15:00:00,West Ham United ,Everton ,1.0,1.0,London,"(51.5073219, -0.1276473)",2015-11-07,15:00:00,,
148,2015-11-07T15:00:00,Sunderland AFC,Southampton ,0.0,1.0,Sunderland,"(54.9063791, -1.3750529)",2015-11-07,15:00:00,,
149,2015-11-07T15:00:00,Sunderland AFC,Southampton ,0.0,1.0,Sunderland,"(54.9063791, -1.3750529)",2015-11-07,15:00:00,,
150,2015-11-07T15:00:00,Leicester City ,Watford ,2.0,1.0,Leicester,"(52.6367811, -1.1312288)",2015-11-07,15:00:00,,
151,2015-11-07T17:30:00,Stoke City ,Chelsea ,1.0,0.0,Stoke-on-Trent,"(53.0162014, -2.1812606)",2015-11-07,17:30:00,,
152,2015-11-08T13:30:00,Aston Villa ,Manchester City ,0.0,0.0,Birmingham,"(52.4776875, -1.8948515)",2015-11-08,13:30:00,,
153,2015-11-08T16:00:00,Arsenal ,Tottenham Hotspur ,1.0,1.0,London,"(51.5073219, -0.1276473)",2015-11-08,16:00:00,52.5186579,-1.9923113
154,2015-11-08T16:00:00,Arsenal ,Tottenham Hotspur ,1.0,1.0,London,"(51.5073219, -0.1276473)",2015-11-08,16:00:00,51.6553875,-0.3957424
155,2015-11-08T16:00:00,Liverpool ,Crystal Palace ,1.0,2.0,Liverpool,"(53.4054719, -2.9805391)",2015-11-08,16:00:00,,
156,2015-11-21T12:45:00,Watford ,Manchester United ,1.0,2.0,Watford,"(51.6553875, -0.3957424)",2015-11-21,12:45:00,,
157,2015-11-21T15:00:00,Chelsea ,Norwich City ,1.0,0.0,London,"(51.5073219, -0.1276473)",2015-11-21,15:00:00,,
158,2015-11-21T15:00:00,Everton ,Aston Villa ,4.0,0.0,Liverpool,"(53.4054719, -2.9805391)",2015-11-21,15:00:00,,
159,2015-11-21T15:00:00,Newcastle United ,Leicester City ,0.0,3.0,Newcastle upon Tyne,"(54.9770924, -1.6142058)",2015-11-21,15:00:00,,
160,2015-11-21T15:00:00,Swansea City ,AFC Bournemouth,2.0,2.0,Swansea,"(51.6211442, -3.946775)",2015-11-21,15:00:00,,
161,2015-11-21T15:00:00,Southampton ,Stoke City ,0.0,1.0,Southampton,"(50.9025349, -1.4041889)",2015-11-21,15:00:00,,
162,2015-11-21T15:00:00,West Bromwich Albion ,Arsenal ,2.0,1.0,West Bromwich,"(52.5186579, -1.9923113)",2015-11-21,15:00:00,,
163,2015-11-21T15:00:00,Southampton ,Stoke City ,0.0,1.0,Southampton,"(50.9025349, -1.4041889)",2015-11-21,15:00:00,,
164,2015-11-21T17:30:00,Manchester City ,Liverpool ,1.0,4.0,Manchester,"(53.4791301, -2.2441008)",2015-11-21,17:30:00,,
165,2015-11-21T17:30:00,Manchester City ,Liverpool ,1.0,4.0,Manchester,"(53.4791301, -2.2441008)",2015-11-21,17:30:00,,
166,2015-11-22T16:00:00,Tottenham Hotspur ,West Ham United ,4.0,1.0,London,"(51.5073219, -0.1276473)",2015-11-22,16:00:00,,
167,2015-11-23T20:00:00,Crystal Palace ,Sunderland AFC,0.0,1.0,London,"(51.5073219, -0.1276473)",2015-11-23,20:00:00,,
168,2015-11-28T15:00:00,Sunderland AFC,Stoke City ,2.0,0.0,Sunderland,"(54.9063791, -1.3750529)",2015-11-28,15:00:00,,
169,2015-11-28T15:00:00,Manchester City ,Southampton ,3.0,1.0,Manchester,"(53.4791301, -2.2441008)",2015-11-28,15:00:00,,
170,2015-11-28T15:00:00,Manchester City ,Southampton ,3.0,1.0,Manchester,"(53.4791301, -2.2441008)",2015-11-28,15:00:00,,
171,2015-11-28T15:00:00,AFC Bournemouth,Everton ,3.0,3.0,Bournemouth,"(50.74467035, -1.85798080318094)",2015-11-28,15:00:00,53.5527719,-1.4827754
172,2015-11-28T15:00:00,Crystal Palace ,Newcastle United ,5.0,1.0,London,"(51.5073219, -0.1276473)",2015-11-28,15:00:00,,
173,2015-11-28T15:00:00,Sunderland AFC,Stoke City ,2.0,0.0,Sunderland,"(54.9063791, -1.3750529)",2015-11-28,15:00:00,,
174,2015-11-28T15:00:00,Aston Villa ,Watford ,2.0,3.0,Birmingham,"(52.4776875, -1.8948515)",2015-11-28,15:00:00,,
175,2015-11-28T17:30:00,Leicester City ,Manchester United ,1.0,1.0,Leicester,"(52.6367811, -1.1312288)",2015-11-28,17:30:00,,
176,2015-11-28T17:30:00,Leicester City ,Manchester United ,1.0,1.0,Leicester,"(52.6367811, -1.1312288)",2015-11-28,17:30:00,,
177,2015-11-29T12:00:00,Tottenham Hotspur ,Chelsea ,0.0,0.0,London,"(51.5073219, -0.1276473)",2015-11-29,12:00:00,,
178,2015-11-29T14:05:00,West Ham United ,West Bromwich Albion ,1.0,1.0,London,"(51.5073219, -0.1276473)",2015-11-29,14:05:00,,
179,2015-11-29T14:05:00,West Ham United ,West Bromwich Albion ,1.0,1.0,London,"(51.5073219, -0.1276473)",2015-11-29,14:05:00,,
180,2015-11-29T16:15:00,Norwich City ,Arsenal ,1.0,1.0,Norwich,"(52.628606, 1.29227)",2015-11-29,16:15:00,,
181,2015-11-29T16:15:00,Liverpool ,Swansea City ,1.0,0.0,Liverpool,"(53.4054719, -2.9805391)",2015-11-29,16:15:00,,
182,2015-12-05T15:00:00,Swansea City ,Leicester City ,0.0,3.0,Swansea,"(51.6211442, -3.946775)",2015-12-05,15:00:00,,
183,2015-12-05T15:00:00,Stoke City ,Manchester City ,2.0,0.0,Stoke-on-Trent,"(53.0162014, -2.1812606)",2015-12-05,15:00:00,,
184,2015-12-05T15:00:00,Southampton ,Aston Villa ,1.0,1.0,Southampton,"(50.9025349, -1.4041889)",2015-12-05,15:00:00,,
185,2015-12-05T15:00:00,Southampton ,Aston Villa ,1.0,1.0,Southampton,"(50.9025349, -1.4041889)",2015-12-05,15:00:00,,
186,2015-12-05T15:00:00,West Bromwich Albion ,Tottenham Hotspur ,1.0,1.0,West Bromwich,"(52.5186579, -1.9923113)",2015-12-05,15:00:00,,
187,2015-12-05T15:00:00,Watford ,Norwich City ,2.0,0.0,Watford,"(51.6553875, -0.3957424)",2015-12-05,15:00:00,,
188,2015-12-05T15:00:00,Manchester United ,West Ham United ,0.0,0.0,Trafford,"(53.4189014, -2.35946945066462)",2015-12-05,15:00:00,,
189,2015-12-05T15:00:00,Arsenal ,Sunderland AFC,3.0,1.0,London,"(51.5073219, -0.1276473)",2015-12-05,15:00:00,51.6211442,-3.946775
190,2015-12-05T15:00:00,Arsenal ,Sunderland AFC,3.0,1.0,London,"(51.5073219, -0.1276473)",2015-12-05,15:00:00,54.9063791,-1.3750529
191,2015-12-05T17:30:00,Chelsea ,AFC Bournemouth,0.0,1.0,London,"(51.5073219, -0.1276473)",2015-12-05,17:30:00,,
192,2015-12-06T16:00:00,Newcastle United ,Liverpool ,2.0,0.0,Newcastle upon Tyne,"(54.9770924, -1.6142058)",2015-12-06,16:00:00,,
193,2015-12-07T20:00:00,Everton ,Crystal Palace ,1.0,1.0,Liverpool,"(53.4054719, -2.9805391)",2015-12-07,20:00:00,,
194,2015-12-12T12:45:00,Norwich City ,Everton ,1.0,1.0,Norwich,"(52.628606, 1.29227)",2015-12-12,12:45:00,,
195,2015-12-12T15:00:00,Sunderland AFC,Watford ,0.0,1.0,Sunderland,"(54.9063791, -1.3750529)",2015-12-12,15:00:00,,
196,2015-12-12T15:00:00,West Ham United ,Stoke City ,0.0,0.0,London,"(51.5073219, -0.1276473)",2015-12-12,15:00:00,,
197,2015-12-12T15:00:00,Sunderland AFC,Watford ,0.0,1.0,Sunderland,"(54.9063791, -1.3750529)",2015-12-12,15:00:00,,
198,2015-12-12T15:00:00,Manchester City ,Swansea City ,2.0,1.0,Manchester,"(53.4791301, -2.2441008)",2015-12-12,15:00:00,,
199,2015-12-12T15:00:00,Manchester City ,Swansea City ,2.0,1.0,Manchester,"(53.4791301, -2.2441008)",2015-12-12,15:00:00,,
200,2015-12-12T15:00:00,West Ham United ,Stoke City ,0.0,0.0,London,"(51.5073219, -0.1276473)",2015-12-12,15:00:00,,
201,2015-12-12T15:00:00,Crystal Palace ,Southampton ,1.0,0.0,London,"(51.5073219, -0.1276473)",2015-12-12,15:00:00,,
202,2015-12-12T17:30:00,AFC Bournemouth,Manchester United ,2.0,1.0,Bournemouth,"(50.74467035, -1.85798080318094)",2015-12-12,17:30:00,53.577694,-2.4288873
203,2015-12-13T13:30:00,Aston Villa ,Arsenal ,0.0,2.0,Birmingham,"(52.4776875, -1.8948515)",2015-12-13,13:30:00,,
204,2015-12-13T16:00:00,Liverpool ,West Bromwich Albion ,2.0,2.0,Liverpool,"(53.4054719, -2.9805391)",2015-12-13,16:00:00,,
205,2015-12-13T16:00:00,Tottenham Hotspur ,Newcastle United ,1.0,2.0,London,"(51.5073219, -0.1276473)",2015-12-13,16:00:00,,
206,2015-12-14T20:00:00,Leicester City ,Chelsea ,2.0,1.0,Leicester,"(52.6367811, -1.1312288)",2015-12-14,20:00:00,,
207,2015-12-14T20:00:00,Leicester City ,Chelsea ,2.0,1.0,Leicester,"(52.6367811, -1.1312288)",2015-12-14,20:00:00,,
208,2015-12-19T15:00:00,Stoke City ,Crystal Palace ,1.0,2.0,Stoke-on-Trent,"(53.0162014, -2.1812606)",2015-12-19,15:00:00,,
209,2015-12-19T15:00:00,Everton ,Leicester City ,2.0,3.0,Liverpool,"(53.4054719, -2.9805391)",2015-12-19,15:00:00,,
210,2015-12-19T15:00:00,West Bromwich Albion ,AFC Bournemouth,1.0,2.0,West Bromwich,"(52.5186579, -1.9923113)",2015-12-19,15:00:00,,
211,2015-12-19T15:00:00,Manchester United ,Norwich City ,1.0,2.0,Trafford,"(53.4189014, -2.35946945066462)",2015-12-19,15:00:00,,
212,2015-12-19T15:00:00,Southampton ,Tottenham Hotspur ,0.0,2.0,Southampton,"(50.9025349, -1.4041889)",2015-12-19,15:00:00,,
213,2015-12-19T15:00:00,Southampton ,Tottenham Hotspur ,0.0,2.0,Southampton,"(50.9025349, -1.4041889)",2015-12-19,15:00:00,,
214,2015-12-19T15:00:00,Chelsea ,Sunderland AFC,3.0,1.0,London,"(51.5073219, -0.1276473)",2015-12-19,15:00:00,,
215,2015-12-19T17:30:00,Newcastle United ,Aston Villa ,1.0,1.0,Newcastle upon Tyne,"(54.9770924, -1.6142058)",2015-12-19,17:30:00,,
216,2015-12-20T13:30:00,Watford ,Liverpool ,3.0,0.0,Watford,"(51.6553875, -0.3957424)",2015-12-20,13:30:00,,
217,2015-12-20T16:00:00,Swansea City ,West Ham United ,0.0,0.0,Swansea,"(51.6211442, -3.946775)",2015-12-20,16:00:00,,
218,2015-12-21T20:00:00,Arsenal ,Manchester City ,2.0,1.0,London,"(51.5073219, -0.1276473)",2015-12-21,20:00:00,52.628606,1.29227
219,2015-12-21T20:00:00,Arsenal ,Manchester City ,2.0,1.0,London,"(51.5073219, -0.1276473)",2015-12-21,20:00:00,52.9534161,-1.1492772
220,2015-12-26T12:45:00,Stoke City ,Manchester United ,2.0,0.0,Stoke-on-Trent,"(53.0162014, -2.1812606)",2015-12-26,12:45:00,,
221,2015-12-26T15:00:00,Aston Villa ,West Ham United ,1.0,1.0,Birmingham,"(52.4776875, -1.8948515)",2015-12-26,15:00:00,,
222,2015-12-26T15:00:00,Chelsea ,Watford ,2.0,2.0,London,"(51.5073219, -0.1276473)",2015-12-26,15:00:00,,
223,2015-12-26T15:00:00,Manchester City ,Sunderland AFC,4.0,1.0,Manchester,"(53.4791301, -2.2441008)",2015-12-26,15:00:00,,
224,2015-12-26T15:00:00,Manchester City ,Sunderland AFC,4.0,1.0,Manchester,"(53.4791301, -2.2441008)",2015-12-26,15:00:00,,
225,2015-12-26T15:00:00,Swansea City ,West Bromwich Albion ,1.0,0.0,Swansea,"(51.6211442, -3.946775)",2015-12-26,15:00:00,,
226,2015-12-26T15:00:00,Liverpool ,Leicester City ,1.0,0.0,Liverpool,"(53.4054719, -2.9805391)",2015-12-26,15:00:00,,
227,2015-12-26T15:00:00,AFC Bournemouth,Crystal Palace ,0.0,0.0,Bournemouth,"(50.74467035, -1.85798080318094)",2015-12-26,15:00:00,52.4776875,-1.8948515
228,2015-12-26T15:00:00,Tottenham Hotspur ,Norwich City ,3.0,0.0,London,"(51.5073219, -0.1276473)",2015-12-26,15:00:00,,
229,2015-12-26T17:30:00,Newcastle United ,Everton ,0.0,1.0,Newcastle upon Tyne,"(54.9770924, -1.6142058)",2015-12-26,17:30:00,,
230,2015-12-26T19:45:00,Southampton ,Arsenal ,4.0,0.0,Southampton,"(50.9025349, -1.4041889)",2015-12-26,19:45:00,,
231,2015-12-26T19:45:00,Southampton ,Arsenal ,4.0,0.0,Southampton,"(50.9025349, -1.4041889)",2015-12-26,19:45:00,,
232,2015-12-28T15:00:00,Norwich City ,Aston Villa ,2.0,0.0,Norwich,"(52.628606, 1.29227)",2015-12-28,15:00:00,,
233,2015-12-28T15:00:00,Everton ,Stoke City ,3.0,4.0,Liverpool,"(53.4054719, -2.9805391)",2015-12-28,15:00:00,,
234,2015-12-28T15:00:00,Crystal Palace ,Swansea City ,0.0,0.0,London,"(51.5073219, -0.1276473)",2015-12-28,15:00:00,,
235,2015-12-28T15:00:00,West Bromwich Albion ,Newcastle United ,1.0,0.0,West Bromwich,"(52.5186579, -1.9923113)",2015-12-28,15:00:00,,
236,2015-12-28T15:00:00,Watford ,Tottenham Hotspur ,1.0,2.0,Watford,"(51.6553875, -0.3957424)",2015-12-28,15:00:00,,
237,2015-12-28T17:30:00,Arsenal ,AFC Bournemouth,2.0,0.0,London,"(51.5073219, -0.1276473)",2015-12-28,17:30:00,53.4054719,-2.9805391
238,2015-12-28T17:30:00,West Ham United ,Southampton ,2.0,1.0,London,"(51.5073219, -0.1276473)",2015-12-28,17:30:00,,
239,2015-12-28T17:30:00,West Ham United ,Southampton ,2.0,1.0,London,"(51.5073219, -0.1276473)",2015-12-28,17:30:00,,
240,2015-12-28T17:30:00,Manchester United ,Chelsea ,0.0,0.0,Trafford,"(53.4189014, -2.35946945066462)",2015-12-28,17:30:00,,
241,2015-12-28T17:30:00,Arsenal ,AFC Bournemouth,2.0,0.0,London,"(51.5073219, -0.1276473)",2015-12-28,17:30:00,51.5073219,-0.1276473
242,2015-12-29T19:45:00,Leicester City ,Manchester City ,0.0,0.0,Leicester,"(52.6367811, -1.1312288)",2015-12-29,19:45:00,,
243,2015-12-29T19:45:00,Leicester City ,Manchester City ,0.0,0.0,Leicester,"(52.6367811, -1.1312288)",2015-12-29,19:45:00,,
244,2015-12-30T19:45:00,Sunderland AFC,Liverpool ,0.0,1.0,Sunderland,"(54.9063791, -1.3750529)",2015-12-30,19:45:00,,
245,2015-12-30T19:45:00,Sunderland AFC,Liverpool ,0.0,1.0,Sunderland,"(54.9063791, -1.3750529)",2015-12-30,19:45:00,,
246,2016-01-02T12:45:00,West Ham United ,Liverpool ,2.0,0.0,London,"(51.5073219, -0.1276473)",2016-01-02,12:45:00,,
247,2016-01-02T12:45:00,West Ham United ,Liverpool ,2.0,0.0,London,"(51.5073219, -0.1276473)",2016-01-02,12:45:00,,
248,2016-01-02T15:00:00,Sunderland AFC,Aston Villa ,3.0,1.0,Sunderland,"(54.9063791, -1.3750529)",2016-01-02,15:00:00,,
249,2016-01-02T15:00:00,Norwich City ,Southampton ,1.0,0.0,Norwich,"(52.628606, 1.29227)",2016-01-02,15:00:00,,
250,2016-01-02T15:00:00,Sunderland AFC,Aston Villa ,3.0,1.0,Sunderland,"(54.9063791, -1.3750529)",2016-01-02,15:00:00,,
251,2016-01-02T15:00:00,Leicester City ,AFC Bournemouth,0.0,0.0,Leicester,"(52.6367811, -1.1312288)",2016-01-02,15:00:00,,
252,2016-01-02T15:00:00,Leicester City ,AFC Bournemouth,0.0,0.0,Leicester,"(52.6367811, -1.1312288)",2016-01-02,15:00:00,,
253,2016-01-02T15:00:00,Manchester United ,Swansea City ,2.0,1.0,Trafford,"(53.4189014, -2.35946945066462)",2016-01-02,15:00:00,,
254,2016-01-02T15:00:00,West Bromwich Albion ,Stoke City ,2.0,1.0,West Bromwich,"(52.5186579, -1.9923113)",2016-01-02,15:00:00,,
255,2016-01-02T15:00:00,Arsenal ,Newcastle United ,1.0,0.0,London,"(51.5073219, -0.1276473)",2016-01-02,15:00:00,51.5073219,-0.1276473
256,2016-01-02T15:00:00,Arsenal ,Newcastle United ,1.0,0.0,London,"(51.5073219, -0.1276473)",2016-01-02,15:00:00,51.456659,-0.9696511
257,2016-01-02T17:30:00,Watford ,Manchester City ,1.0,2.0,Watford,"(51.6553875, -0.3957424)",2016-01-02,17:30:00,,
258,2016-01-03T13:30:00,Crystal Palace ,Chelsea ,0.0,3.0,London,"(51.5073219, -0.1276473)",2016-01-03,13:30:00,,
259,2016-01-03T16:00:00,Everton ,Tottenham Hotspur ,1.0,1.0,Liverpool,"(53.4054719, -2.9805391)",2016-01-03,16:00:00,,
260,2016-01-12T19:45:00,AFC Bournemouth,West Ham United ,1.0,3.0,Bournemouth,"(50.74467035, -1.85798080318094)",2016-01-12,19:45:00,52.9212617,-1.476149
261,2016-01-12T19:45:00,Aston Villa ,Crystal Palace ,1.0,0.0,Birmingham,"(52.4776875, -1.8948515)",2016-01-12,19:45:00,,
262,2016-01-12T19:45:00,Newcastle United ,Manchester United ,3.0,3.0,Newcastle upon Tyne,"(54.9770924, -1.6142058)",2016-01-12,19:45:00,,
263,2016-01-13T19:45:00,Stoke City ,Norwich City ,3.0,1.0,Stoke-on-Trent,"(53.0162014, -2.1812606)",2016-01-13,19:45:00,,
264,2016-01-13T19:45:00,Southampton ,Watford ,2.0,0.0,Southampton,"(50.9025349, -1.4041889)",2016-01-13,19:45:00,,
265,2016-01-13T19:45:00,Southampton ,Watford ,2.0,0.0,Southampton,"(50.9025349, -1.4041889)",2016-01-13,19:45:00,,
266,2016-01-13T19:45:00,Swansea City ,Sunderland AFC,2.0,4.0,Swansea,"(51.6211442, -3.946775)",2016-01-13,19:45:00,,
267,2016-01-13T19:45:00,Manchester City ,Everton ,0.0,0.0,Manchester,"(53.4791301, -2.2441008)",2016-01-13,19:45:00,,
268,2016-01-13T19:45:00,Chelsea ,West Bromwich Albion ,2.0,2.0,London,"(51.5073219, -0.1276473)",2016-01-13,19:45:00,,
269,2016-01-13T19:45:00,Manchester City ,Everton ,0.0,0.0,Manchester,"(53.4791301, -2.2441008)",2016-01-13,19:45:00,,
270,2016-01-13T20:00:00,Liverpool ,Arsenal ,3.0,3.0,Liverpool,"(53.4054719, -2.9805391)",2016-01-13,20:00:00,,
271,2016-01-13T20:00:00,Tottenham Hotspur ,Leicester City ,0.0,1.0,London,"(51.5073219, -0.1276473)",2016-01-13,20:00:00,,
272,2016-01-16T12:45:00,Tottenham Hotspur ,Sunderland AFC,4.0,1.0,London,"(51.5073219, -0.1276473)",2016-01-16,12:45:00,,
273,2016-01-16T15:00:00,Manchester City ,Crystal Palace ,4.0,0.0,Manchester,"(53.4791301, -2.2441008)",2016-01-16,15:00:00,,
274,2016-01-16T15:00:00,Manchester City ,Crystal Palace ,4.0,0.0,Manchester,"(53.4791301, -2.2441008)",2016-01-16,15:00:00,,
275,2016-01-16T15:00:00,Southampton ,West Bromwich Albion ,3.0,0.0,Southampton,"(50.9025349, -1.4041889)",2016-01-16,15:00:00,,
276,2016-01-16T15:00:00,Southampton ,West Bromwich Albion ,3.0,0.0,Southampton,"(50.9025349, -1.4041889)",2016-01-16,15:00:00,,
277,2016-01-16T15:00:00,Chelsea ,Everton ,3.0,3.0,London,"(51.5073219, -0.1276473)",2016-01-16,15:00:00,,
278,2016-01-16T15:00:00,AFC Bournemouth,Norwich City ,3.0,0.0,Bournemouth,"(50.74467035, -1.85798080318094)",2016-01-16,15:00:00,53.7941567,-1.7494777
279,2016-01-16T15:00:00,Newcastle United ,West Ham United ,2.0,1.0,Newcastle upon Tyne,"(54.9770924, -1.6142058)",2016-01-16,15:00:00,,
280,2016-01-16T17:30:00,Aston Villa ,Leicester City ,1.0,1.0,Birmingham,"(52.4776875, -1.8948515)",2016-01-16,17:30:00,,
281,2016-01-17T14:05:00,Liverpool ,Manchester United ,0.0,1.0,Liverpool,"(53.4054719, -2.9805391)",2016-01-17,14:05:00,,
282,2016-01-17T16:15:00,Stoke City ,Arsenal ,0.0,0.0,Stoke-on-Trent,"(53.0162014, -2.1812606)",2016-01-17,16:15:00,,
283,2016-01-18T20:00:00,Swansea City ,Watford ,1.0,0.0,Swansea,"(51.6211442, -3.946775)",2016-01-18,20:00:00,,
284,2016-01-23T12:45:00,Norwich City ,Liverpool ,4.0,5.0,Norwich,"(52.628606, 1.29227)",2016-01-23,12:45:00,,
285,2016-01-23T15:00:00,Crystal Palace ,Tottenham Hotspur ,1.0,3.0,London,"(51.5073219, -0.1276473)",2016-01-23,15:00:00,,
286,2016-01-23T15:00:00,Sunderland AFC,AFC Bournemouth,1.0,1.0,Sunderland,"(54.9063791, -1.3750529)",2016-01-23,15:00:00,,
287,2016-01-23T15:00:00,Sunderland AFC,AFC Bournemouth,1.0,1.0,Sunderland,"(54.9063791, -1.3750529)",2016-01-23,15:00:00,,
288,2016-01-23T15:00:00,Manchester United ,Southampton ,0.0,1.0,Trafford,"(53.4189014, -2.35946945066462)",2016-01-23,15:00:00,,
289,2016-01-23T15:00:00,Leicester City ,Stoke City ,3.0,0.0,Leicester,"(52.6367811, -1.1312288)",2016-01-23,15:00:00,,
290,2016-01-23T15:00:00,Leicester City ,Stoke City ,3.0,0.0,Leicester,"(52.6367811, -1.1312288)",2016-01-23,15:00:00,,
291,2016-01-23T15:00:00,Watford ,Newcastle United ,2.0,1.0,Watford,"(51.6553875, -0.3957424)",2016-01-23,15:00:00,,
292,2016-01-23T15:00:00,West Bromwich Albion ,Aston Villa ,0.0,0.0,West Bromwich,"(52.5186579, -1.9923113)",2016-01-23,15:00:00,,
293,2016-01-23T17:30:00,West Ham United ,Manchester City ,2.0,2.0,London,"(51.5073219, -0.1276473)",2016-01-23,17:30:00,,
294,2016-01-23T17:30:00,West Ham United ,Manchester City ,2.0,2.0,London,"(51.5073219, -0.1276473)",2016-01-23,17:30:00,,
295,2016-01-24T13:30:00,Everton ,Swansea City ,1.0,2.0,Liverpool,"(53.4054719, -2.9805391)",2016-01-24,13:30:00,,
296,2016-01-24T16:00:00,Arsenal ,Chelsea ,0.0,1.0,London,"(51.5073219, -0.1276473)",2016-01-24,16:00:00,53.7974185,-1.543794
297,2016-01-24T16:00:00,Arsenal ,Chelsea ,0.0,1.0,London,"(51.5073219, -0.1276473)",2016-01-24,16:00:00,52.6367811,-1.1312288
298,2016-02-02T19:45:00,West Ham United ,Aston Villa ,2.0,0.0,London,"(51.5073219, -0.1276473)",2016-02-02,19:45:00,,
299,2016-02-02T19:45:00,West Ham United ,Aston Villa ,2.0,0.0,London,"(51.5073219, -0.1276473)",2016-02-02,19:45:00,,
300,2016-02-02T19:45:00,Norwich City ,Tottenham Hotspur ,0.0,3.0,Norwich,"(52.628606, 1.29227)",2016-02-02,19:45:00,,
301,2016-02-02T19:45:00,Leicester City ,Liverpool ,2.0,0.0,Leicester,"(52.6367811, -1.1312288)",2016-02-02,19:45:00,,
302,2016-02-02T19:45:00,Leicester City ,Liverpool ,2.0,0.0,Leicester,"(52.6367811, -1.1312288)",2016-02-02,19:45:00,,
303,2016-02-02T19:45:00,Sunderland AFC,Manchester City ,0.0,1.0,Sunderland,"(54.9063791, -1.3750529)",2016-02-02,19:45:00,,
304,2016-02-02T19:45:00,Sunderland AFC,Manchester City ,0.0,1.0,Sunderland,"(54.9063791, -1.3750529)",2016-02-02,19:45:00,,
305,2016-02-02T19:45:00,Arsenal ,Southampton ,0.0,0.0,London,"(51.5073219, -0.1276473)",2016-02-02,19:45:00,50.9025349,-1.4041889
306,2016-02-02T19:45:00,Arsenal ,Southampton ,0.0,0.0,London,"(51.5073219, -0.1276473)",2016-02-02,19:45:00,50.9025349,-1.4041889
307,2016-02-02T20:00:00,West Bromwich Albion ,Swansea City ,1.0,1.0,West Bromwich,"(52.5186579, -1.9923113)",2016-02-02,20:00:00,,
308,2016-02-02T20:00:00,Crystal Palace ,AFC Bournemouth,1.0,2.0,London,"(51.5073219, -0.1276473)",2016-02-02,20:00:00,,
309,2016-02-02T20:00:00,Manchester United ,Stoke City ,3.0,0.0,Trafford,"(53.4189014, -2.35946945066462)",2016-02-02,20:00:00,,
310,2016-02-03T19:45:00,Watford ,Chelsea ,0.0,0.0,Watford,"(51.6553875, -0.3957424)",2016-02-03,19:45:00,,
311,2016-02-03T19:45:00,Everton ,Newcastle United ,3.0,0.0,Liverpool,"(53.4054719, -2.9805391)",2016-02-03,19:45:00,,
312,2016-02-06T12:45:00,Manchester City ,Leicester City ,1.0,3.0,Manchester,"(53.4791301, -2.2441008)",2016-02-06,12:45:00,,
313,2016-02-06T12:45:00,Manchester City ,Leicester City ,1.0,3.0,Manchester,"(53.4791301, -2.2441008)",2016-02-06,12:45:00,,
314,2016-02-06T15:00:00,Liverpool ,Sunderland AFC,2.0,2.0,Liverpool,"(53.4054719, -2.9805391)",2016-02-06,15:00:00,,
315,2016-02-06T15:00:00,Newcastle United ,West Bromwich Albion ,1.0,0.0,Newcastle upon Tyne,"(54.9770924, -1.6142058)",2016-02-06,15:00:00,,
316,2016-02-06T15:00:00,Aston Villa ,Norwich City ,2.0,0.0,Birmingham,"(52.4776875, -1.8948515)",2016-02-06,15:00:00,,
317,2016-02-06T15:00:00,Swansea City ,Crystal Palace ,1.0,1.0,Swansea,"(51.6211442, -3.946775)",2016-02-06,15:00:00,,
318,2016-02-06T15:00:00,Tottenham Hotspur ,Watford ,1.0,0.0,London,"(51.5073219, -0.1276473)",2016-02-06,15:00:00,,
319,2016-02-06T15:00:00,Stoke City ,Everton ,0.0,3.0,Stoke-on-Trent,"(53.0162014, -2.1812606)",2016-02-06,15:00:00,,
320,2016-02-06T17:30:00,Southampton ,West Ham United ,1.0,0.0,Southampton,"(50.9025349, -1.4041889)",2016-02-06,17:30:00,,
321,2016-02-06T17:30:00,Southampton ,West Ham United ,1.0,0.0,Southampton,"(50.9025349, -1.4041889)",2016-02-06,17:30:00,,
322,2016-02-07T13:30:00,AFC Bournemouth,Arsenal ,0.0,2.0,Bournemouth,"(50.74467035, -1.85798080318094)",2016-02-07,13:30:00,50.74467035,-1.85798080318094
323,2016-02-07T16:00:00,Chelsea ,Manchester United ,1.0,1.0,London,"(51.5073219, -0.1276473)",2016-02-07,16:00:00,,
324,2016-02-13T12:45:00,Sunderland AFC,Manchester United ,2.0,1.0,Sunderland,"(54.9063791, -1.3750529)",2016-02-13,12:45:00,,
325,2016-02-13T12:45:00,Sunderland AFC,Manchester United ,2.0,1.0,Sunderland,"(54.9063791, -1.3750529)",2016-02-13,12:45:00,,
326,2016-02-13T15:00:00,Everton ,West Bromwich Albion ,0.0,1.0,Liverpool,"(53.4054719, -2.9805391)",2016-02-13,15:00:00,,
327,2016-02-13T15:00:00,Norwich City ,West Ham United ,2.0,2.0,Norwich,"(52.628606, 1.29227)",2016-02-13,15:00:00,,
328,2016-02-13T15:00:00,AFC Bournemouth,Stoke City ,1.0,3.0,Bournemouth,"(50.74467035, -1.85798080318094)",2016-02-13,15:00:00,51.4816546,-3.1791933
329,2016-02-13T15:00:00,Crystal Palace ,Watford ,1.0,2.0,London,"(51.5073219, -0.1276473)",2016-02-13,15:00:00,,
330,2016-02-13T15:00:00,Swansea City ,Southampton ,0.0,1.0,Swansea,"(51.6211442, -3.946775)",2016-02-13,15:00:00,,
331,2016-02-13T17:30:00,Chelsea ,Newcastle United ,5.0,1.0,London,"(51.5073219, -0.1276473)",2016-02-13,17:30:00,,
332,2016-02-14T12:00:00,Arsenal ,Leicester City ,2.0,1.0,London,"(51.5073219, -0.1276473)",2016-02-14,12:00:00,53.4189014,-2.35946945066462
333,2016-02-14T12:00:00,Arsenal ,Leicester City ,2.0,1.0,London,"(51.5073219, -0.1276473)",2016-02-14,12:00:00,54.5760419,-1.2344046
334,2016-02-14T14:05:00,Aston Villa ,Liverpool ,0.0,6.0,Birmingham,"(52.4776875, -1.8948515)",2016-02-14,14:05:00,,
335,2016-02-14T16:15:00,Manchester City ,Tottenham Hotspur ,1.0,2.0,Manchester,"(53.4791301, -2.2441008)",2016-02-14,16:15:00,,
336,2016-02-14T16:15:00,Manchester City ,Tottenham Hotspur ,1.0,2.0,Manchester,"(53.4791301, -2.2441008)",2016-02-14,16:15:00,,
337,2016-02-27T12:45:00,West Ham United ,Sunderland AFC,1.0,0.0,London,"(51.5073219, -0.1276473)",2016-02-27,12:45:00,,
338,2016-02-27T12:45:00,West Ham United ,Sunderland AFC,1.0,0.0,London,"(51.5073219, -0.1276473)",2016-02-27,12:45:00,,
339,2016-02-27T15:00:00,Leicester City ,Norwich City ,1.0,0.0,Leicester,"(52.6367811, -1.1312288)",2016-02-27,15:00:00,,
340,2016-02-27T15:00:00,Southampton ,Chelsea ,1.0,2.0,Southampton,"(50.9025349, -1.4041889)",2016-02-27,15:00:00,,
341,2016-02-27T15:00:00,Southampton ,Chelsea ,1.0,2.0,Southampton,"(50.9025349, -1.4041889)",2016-02-27,15:00:00,,
342,2016-02-27T15:00:00,Leicester City ,Norwich City ,1.0,0.0,Leicester,"(52.6367811, -1.1312288)",2016-02-27,15:00:00,,
343,2016-02-27T15:00:00,Stoke City ,Aston Villa ,2.0,1.0,Stoke-on-Trent,"(53.0162014, -2.1812606)",2016-02-27,15:00:00,,
344,2016-02-27T15:00:00,Watford ,AFC Bournemouth,0.0,0.0,Watford,"(51.6553875, -0.3957424)",2016-02-27,15:00:00,,
345,2016-02-27T17:30:00,West Bromwich Albion ,Crystal Palace ,3.0,2.0,West Bromwich,"(52.5186579, -1.9923113)",2016-02-27,17:30:00,,
346,2016-02-28T14:05:00,Tottenham Hotspur ,Swansea City ,2.0,1.0,London,"(51.5073219, -0.1276473)",2016-02-28,14:05:00,,
347,2016-02-28T14:05:00,Manchester United ,Arsenal ,3.0,2.0,Trafford,"(53.4189014, -2.35946945066462)",2016-02-28,14:05:00,,
348,2016-03-01T19:45:00,Norwich City ,Chelsea ,1.0,2.0,Norwich,"(52.628606, 1.29227)",2016-03-01,19:45:00,,
349,2016-03-01T19:45:00,AFC Bournemouth,Southampton ,2.0,0.0,Bournemouth,"(50.74467035, -1.85798080318094)",2016-03-01,19:45:00,53.7907262,-2.2439195
350,2016-03-01T19:45:00,Sunderland AFC,Crystal Palace ,2.0,2.0,Sunderland,"(54.9063791, -1.3750529)",2016-03-01,19:45:00,,
351,2016-03-01T19:45:00,Leicester City ,West Bromwich Albion ,2.0,2.0,Leicester,"(52.6367811, -1.1312288)",2016-03-01,19:45:00,,
352,2016-03-01T19:45:00,Aston Villa ,Everton ,1.0,3.0,Birmingham,"(52.4776875, -1.8948515)",2016-03-01,19:45:00,,
353,2016-03-01T19:45:00,Leicester City ,West Bromwich Albion ,2.0,2.0,Leicester,"(52.6367811, -1.1312288)",2016-03-01,19:45:00,,
354,2016-03-01T19:45:00,Sunderland AFC,Crystal Palace ,2.0,2.0,Sunderland,"(54.9063791, -1.3750529)",2016-03-01,19:45:00,,
355,2016-03-02T19:45:00,Arsenal ,Swansea City ,1.0,2.0,London,"(51.5073219, -0.1276473)",2016-03-02,19:45:00,51.5073219,-0.1276473
356,2016-03-02T19:45:00,West Ham United ,Tottenham Hotspur ,1.0,0.0,London,"(51.5073219, -0.1276473)",2016-03-02,19:45:00,,
357,2016-03-02T19:45:00,West Ham United ,Tottenham Hotspur ,1.0,0.0,London,"(51.5073219, -0.1276473)",2016-03-02,19:45:00,,
358,2016-03-02T19:45:00,Stoke City ,Newcastle United ,1.0,0.0,Stoke-on-Trent,"(53.0162014, -2.1812606)",2016-03-02,19:45:00,,
359,2016-03-02T19:45:00,Arsenal ,Swansea City ,1.0,2.0,London,"(51.5073219, -0.1276473)",2016-03-02,19:45:00,51.5613683,-1.7856852
360,2016-03-02T20:00:00,Liverpool ,Manchester City ,3.0,0.0,Liverpool,"(53.4054719, -2.9805391)",2016-03-02,20:00:00,,
361,2016-03-02T20:00:00,Manchester United ,Watford ,1.0,0.0,Trafford,"(53.4189014, -2.35946945066462)",2016-03-02,20:00:00,,
362,2016-03-05T12:45:00,Tottenham Hotspur ,Arsenal ,2.0,2.0,London,"(51.5073219, -0.1276473)",2016-03-05,12:45:00,,
363,2016-03-05T15:00:00,Southampton ,Sunderland AFC,1.0,1.0,Southampton,"(50.9025349, -1.4041889)",2016-03-05,15:00:00,,
364,2016-03-05T15:00:00,Newcastle United ,AFC Bournemouth,1.0,3.0,Newcastle upon Tyne,"(54.9770924, -1.6142058)",2016-03-05,15:00:00,,
365,2016-03-05T15:00:00,Southampton ,Sunderland AFC,1.0,1.0,Southampton,"(50.9025349, -1.4041889)",2016-03-05,15:00:00,,
366,2016-03-05T15:00:00,Swansea City ,Norwich City ,1.0,0.0,Swansea,"(51.6211442, -3.946775)",2016-03-05,15:00:00,,
367,2016-03-05T15:00:00,Manchester City ,Aston Villa ,4.0,0.0,Manchester,"(53.4791301, -2.2441008)",2016-03-05,15:00:00,,
368,2016-03-05T15:00:00,Chelsea ,Stoke City ,1.0,1.0,London,"(51.5073219, -0.1276473)",2016-03-05,15:00:00,,
369,2016-03-05T15:00:00,Manchester City ,Aston Villa ,4.0,0.0,Manchester,"(53.4791301, -2.2441008)",2016-03-05,15:00:00,,
370,2016-03-05T15:00:00,Everton ,West Ham United ,2.0,3.0,Liverpool,"(53.4054719, -2.9805391)",2016-03-05,15:00:00,,
371,2016-03-05T17:30:00,Watford ,Leicester City ,0.0,1.0,Watford,"(51.6553875, -0.3957424)",2016-03-05,17:30:00,,
372,2016-03-06T13:30:00,Crystal Palace ,Liverpool ,1.0,2.0,London,"(51.5073219, -0.1276473)",2016-03-06,13:30:00,,
373,2016-03-06T16:00:00,West Bromwich Albion ,Manchester United ,1.0,0.0,West Bromwich,"(52.5186579, -1.9923113)",2016-03-06,16:00:00,,
374,2016-03-12T12:45:00,Norwich City ,Manchester City ,0.0,0.0,Norwich,"(52.628606, 1.29227)",2016-03-12,12:45:00,,
375,2016-03-12T15:00:00,AFC Bournemouth,Swansea City ,3.0,2.0,Bournemouth,"(50.74467035, -1.85798080318094)",2016-03-12,15:00:00,51.5073219,-0.1276473
376,2016-03-12T15:00:00,Stoke City ,Southampton ,1.0,2.0,Stoke-on-Trent,"(53.0162014, -2.1812606)",2016-03-12,15:00:00,,
377,2016-03-13T16:00:00,Aston Villa ,Tottenham Hotspur ,0.0,2.0,Birmingham,"(52.4776875, -1.8948515)",2016-03-13,16:00:00,,
378,2016-03-14T20:00:00,Leicester City ,Newcastle United ,1.0,0.0,Leicester,"(52.6367811, -1.1312288)",2016-03-14,20:00:00,,
379,2016-03-14T20:00:00,Leicester City ,Newcastle United ,1.0,0.0,Leicester,"(52.6367811, -1.1312288)",2016-03-14,20:00:00,,
380,2016-03-19T12:45:00,Everton ,Arsenal ,0.0,2.0,Liverpool,"(53.4054719, -2.9805391)",2016-03-19,12:45:00,,
381,2016-03-19T15:00:00,Crystal Palace ,Leicester City ,0.0,1.0,London,"(51.5073219, -0.1276473)",2016-03-19,15:00:00,,
382,2016-03-19T15:00:00,Chelsea ,West Ham United ,2.0,2.0,London,"(51.5073219, -0.1276473)",2016-03-19,15:00:00,,
383,2016-03-19T15:00:00,West Bromwich Albion ,Norwich City ,0.0,1.0,West Bromwich,"(52.5186579, -1.9923113)",2016-03-19,15:00:00,,
384,2016-03-19T15:00:00,Watford ,Stoke City ,1.0,2.0,Watford,"(51.6553875, -0.3957424)",2016-03-19,15:00:00,,
385,2016-03-19T17:30:00,Swansea City ,Aston Villa ,1.0,0.0,Swansea,"(51.6211442, -3.946775)",2016-03-19,17:30:00,,
386,2016-03-20T13:30:00,Southampton ,Liverpool ,3.0,2.0,Southampton,"(50.9025349, -1.4041889)",2016-03-20,13:30:00,,
387,2016-03-20T13:30:00,Southampton ,Liverpool ,3.0,2.0,Southampton,"(50.9025349, -1.4041889)",2016-03-20,13:30:00,,
388,2016-03-20T13:30:00,Newcastle United ,Sunderland AFC,1.0,1.0,Newcastle upon Tyne,"(54.9770924, -1.6142058)",2016-03-20,13:30:00,,
389,2016-03-20T16:00:00,Manchester City ,Manchester United ,0.0,1.0,Manchester,"(53.4791301, -2.2441008)",2016-03-20,16:00:00,,
390,2016-03-20T16:00:00,Manchester City ,Manchester United ,0.0,1.0,Manchester,"(53.4791301, -2.2441008)",2016-03-20,16:00:00,,
391,2016-03-20T16:00:00,Tottenham Hotspur ,AFC Bournemouth,3.0,0.0,London,"(51.5073219, -0.1276473)",2016-03-20,16:00:00,,
392,2016-04-02T11:45:00,Aston Villa ,Chelsea ,0.0,4.0,Birmingham,"(52.4776875, -1.8948515)",2016-04-02,11:45:00,,
393,2016-04-02T14:00:00,Stoke City ,Swansea City ,2.0,2.0,Stoke-on-Trent,"(53.0162014, -2.1812606)",2016-04-02,14:00:00,,
394,2016-04-02T14:00:00,Arsenal ,Watford ,4.0,0.0,London,"(51.5073219, -0.1276473)",2016-04-02,14:00:00,51.5073219,-0.1276473
395,2016-04-02T14:00:00,Arsenal ,Watford ,4.0,0.0,London,"(51.5073219, -0.1276473)",2016-04-02,14:00:00,51.5073219,-0.1276473
396,2016-04-02T14:00:00,AFC Bournemouth,Manchester City ,0.0,4.0,Bournemouth,"(50.74467035, -1.85798080318094)",2016-04-02,14:00:00,53.8245483,-3.03731989502197
397,2016-04-02T14:00:00,West Ham United ,Crystal Palace ,2.0,2.0,London,"(51.5073219, -0.1276473)",2016-04-02,14:00:00,,
398,2016-04-02T14:00:00,Sunderland AFC,West Bromwich Albion ,0.0,0.0,Sunderland,"(54.9063791, -1.3750529)",2016-04-02,14:00:00,,
399,2016-04-02T14:00:00,Norwich City ,Newcastle United ,3.0,2.0,Norwich,"(52.628606, 1.29227)",2016-04-02,14:00:00,,
400,2016-04-02T14:00:00,West Ham United ,Crystal Palace ,2.0,2.0,London,"(51.5073219, -0.1276473)",2016-04-02,14:00:00,,
401,2016-04-02T14:00:00,Sunderland AFC,West Bromwich Albion ,0.0,0.0,Sunderland,"(54.9063791, -1.3750529)",2016-04-02,14:00:00,,
402,2016-04-02T16:30:00,Liverpool ,Tottenham Hotspur ,1.0,1.0,Liverpool,"(53.4054719, -2.9805391)",2016-04-02,16:30:00,,
403,2016-04-03T12:30:00,Leicester City ,Southampton ,1.0,0.0,Leicester,"(52.6367811, -1.1312288)",2016-04-03,12:30:00,,
404,2016-04-03T12:30:00,Leicester City ,Southampton ,1.0,0.0,Leicester,"(52.6367811, -1.1312288)",2016-04-03,12:30:00,,
405,2016-04-03T15:00:00,Manchester United ,Everton ,1.0,0.0,Trafford,"(53.4189014, -2.35946945066462)",2016-04-03,15:00:00,,
406,2016-04-09T11:45:00,West Ham United ,Arsenal ,3.0,3.0,London,"(51.5073219, -0.1276473)",2016-04-09,11:45:00,,
407,2016-04-09T11:45:00,West Ham United ,Arsenal ,3.0,3.0,London,"(51.5073219, -0.1276473)",2016-04-09,11:45:00,,
408,2016-04-09T14:00:00,Swansea City ,Chelsea ,1.0,0.0,Swansea,"(51.6211442, -3.946775)",2016-04-09,14:00:00,,
409,2016-04-09T14:00:00,Southampton ,Newcastle United ,3.0,1.0,Southampton,"(50.9025349, -1.4041889)",2016-04-09,14:00:00,,
410,2016-04-09T14:00:00,Watford ,Everton ,1.0,1.0,Watford,"(51.6553875, -0.3957424)",2016-04-09,14:00:00,,
411,2016-04-09T14:00:00,Crystal Palace ,Norwich City ,1.0,0.0,London,"(51.5073219, -0.1276473)",2016-04-09,14:00:00,,
412,2016-04-09T14:00:00,Aston Villa ,AFC Bournemouth,1.0,2.0,Birmingham,"(52.4776875, -1.8948515)",2016-04-09,14:00:00,,
413,2016-04-09T14:00:00,Southampton ,Newcastle United ,3.0,1.0,Southampton,"(50.9025349, -1.4041889)",2016-04-09,14:00:00,,
414,2016-04-09T16:30:00,Manchester City ,West Bromwich Albion ,2.0,1.0,Manchester,"(53.4791301, -2.2441008)",2016-04-09,16:30:00,,
415,2016-04-09T16:30:00,Manchester City ,West Bromwich Albion ,2.0,1.0,Manchester,"(53.4791301, -2.2441008)",2016-04-09,16:30:00,,
416,2016-04-10T12:30:00,Sunderland AFC,Leicester City ,0.0,2.0,Sunderland,"(54.9063791, -1.3750529)",2016-04-10,12:30:00,,
417,2016-04-10T12:30:00,Sunderland AFC,Leicester City ,0.0,2.0,Sunderland,"(54.9063791, -1.3750529)",2016-04-10,12:30:00,,
418,2016-04-10T15:00:00,Liverpool ,Stoke City ,4.0,1.0,Liverpool,"(53.4054719, -2.9805391)",2016-04-10,15:00:00,,
419,2016-04-10T15:00:00,Tottenham Hotspur ,Manchester United ,3.0,0.0,London,"(51.5073219, -0.1276473)",2016-04-10,15:00:00,,
420,2016-04-13T19:00:00,Crystal Palace ,Everton ,0.0,0.0,London,"(51.5073219, -0.1276473)",2016-04-13,19:00:00,,
421,2016-04-16T11:45:00,Norwich City ,Sunderland AFC,0.0,3.0,Norwich,"(52.628606, 1.29227)",2016-04-16,11:45:00,,
422,2016-04-16T14:00:00,Newcastle United ,Swansea City ,3.0,0.0,Newcastle upon Tyne,"(54.9770924, -1.6142058)",2016-04-16,14:00:00,,
423,2016-04-16T14:00:00,West Bromwich Albion ,Watford ,0.0,1.0,West Bromwich,"(52.5186579, -1.9923113)",2016-04-16,14:00:00,,
424,2016-04-16T14:00:00,Manchester United ,Aston Villa ,1.0,0.0,Trafford,"(53.4189014, -2.35946945066462)",2016-04-16,14:00:00,,
425,2016-04-16T14:00:00,Everton ,Southampton ,1.0,1.0,Liverpool,"(53.4054719, -2.9805391)",2016-04-16,14:00:00,,
426,2016-04-16T16:30:00,Chelsea ,Manchester City ,0.0,3.0,London,"(51.5073219, -0.1276473)",2016-04-16,16:30:00,,
427,2016-04-17T12:30:00,AFC Bournemouth,Liverpool ,1.0,2.0,Bournemouth,"(50.74467035, -1.85798080318094)",2016-04-17,12:30:00,53.7497193,-2.4797542
428,2016-04-17T12:30:00,Leicester City ,West Ham United ,2.0,2.0,Leicester,"(52.6367811, -1.1312288)",2016-04-17,12:30:00,,
429,2016-04-17T12:30:00,Leicester City ,West Ham United ,2.0,2.0,Leicester,"(52.6367811, -1.1312288)",2016-04-17,12:30:00,,
430,2016-04-17T15:00:00,Arsenal ,Crystal Palace ,1.0,1.0,London,"(51.5073219, -0.1276473)",2016-04-17,15:00:00,53.4054719,-2.9805391
431,2016-04-17T15:00:00,Arsenal ,Crystal Palace ,1.0,1.0,London,"(51.5073219, -0.1276473)",2016-04-17,15:00:00,52.6367811,-1.1312288
432,2016-04-18T19:00:00,Stoke City ,Tottenham Hotspur ,0.0,4.0,Stoke-on-Trent,"(53.0162014, -2.1812606)",2016-04-18,19:00:00,,
433,2016-04-19T18:45:00,Newcastle United ,Manchester City ,1.0,1.0,Newcastle upon Tyne,"(54.9770924, -1.6142058)",2016-04-19,18:45:00,,
434,2016-04-20T18:45:00,West Ham United ,Watford ,3.0,1.0,London,"(51.5073219, -0.1276473)",2016-04-20,18:45:00,,
435,2016-04-20T18:45:00,West Ham United ,Watford ,3.0,1.0,London,"(51.5073219, -0.1276473)",2016-04-20,18:45:00,,
436,2016-04-20T19:00:00,Liverpool ,Everton ,4.0,0.0,Liverpool,"(53.4054719, -2.9805391)",2016-04-20,19:00:00,,
437,2016-04-20T19:00:00,Manchester United ,Crystal Palace ,2.0,0.0,Trafford,"(53.4189014, -2.35946945066462)",2016-04-20,19:00:00,,
438,2016-04-21T18:45:00,Arsenal ,West Bromwich Albion ,2.0,0.0,London,"(51.5073219, -0.1276473)",2016-04-21,18:45:00,53.5457188,-2.6264623
439,2016-04-21T18:45:00,Arsenal ,West Bromwich Albion ,2.0,0.0,London,"(51.5073219, -0.1276473)",2016-04-21,18:45:00,52.5847651,-2.1275669
440,2016-04-23T14:00:00,AFC Bournemouth,Chelsea ,1.0,4.0,Bournemouth,"(50.74467035, -1.85798080318094)",2016-04-23,14:00:00,51.5073219,-0.1276473
441,2016-04-23T14:00:00,Aston Villa ,Southampton ,2.0,4.0,Birmingham,"(52.4776875, -1.8948515)",2016-04-23,14:00:00,,
442,2016-04-23T14:00:00,Liverpool ,Newcastle United ,2.0,2.0,Liverpool,"(53.4054719, -2.9805391)",2016-04-23,14:00:00,,
443,2016-04-24T11:00:00,Manchester City ,Stoke City ,4.0,0.0,Manchester,"(53.4791301, -2.2441008)",2016-04-24,11:00:00,,
444,2016-04-24T11:00:00,Manchester City ,Stoke City ,4.0,0.0,Manchester,"(53.4791301, -2.2441008)",2016-04-24,11:00:00,,
445,2016-04-24T13:05:00,Sunderland AFC,Arsenal ,0.0,0.0,Sunderland,"(54.9063791, -1.3750529)",2016-04-24,13:05:00,,
446,2016-04-24T13:05:00,Sunderland AFC,Arsenal ,0.0,0.0,Sunderland,"(54.9063791, -1.3750529)",2016-04-24,13:05:00,,
447,2016-04-24T15:15:00,Leicester City ,Swansea City ,4.0,0.0,Leicester,"(52.6367811, -1.1312288)",2016-04-24,15:15:00,,
448,2016-04-24T15:15:00,Leicester City ,Swansea City ,4.0,0.0,Leicester,"(52.6367811, -1.1312288)",2016-04-24,15:15:00,,
449,2016-04-25T19:00:00,Tottenham Hotspur ,West Bromwich Albion ,1.0,1.0,London,"(51.5073219, -0.1276473)",2016-04-25,19:00:00,,
450,2016-04-30T14:00:00,Watford ,Aston Villa ,3.0,2.0,Watford,"(51.6553875, -0.3957424)",2016-04-30,14:00:00,,
451,2016-04-30T14:00:00,Everton ,AFC Bournemouth,2.0,1.0,Liverpool,"(53.4054719, -2.9805391)",2016-04-30,14:00:00,,
452,2016-04-30T14:00:00,West Bromwich Albion ,West Ham United ,0.0,3.0,West Bromwich,"(52.5186579, -1.9923113)",2016-04-30,14:00:00,,
453,2016-04-30T14:00:00,Stoke City ,Sunderland AFC,1.0,1.0,Stoke-on-Trent,"(53.0162014, -2.1812606)",2016-04-30,14:00:00,,
454,2016-04-30T14:00:00,Newcastle United ,Crystal Palace ,1.0,0.0,Newcastle upon Tyne,"(54.9770924, -1.6142058)",2016-04-30,14:00:00,,
455,2016-04-30T16:30:00,Arsenal ,Norwich City ,1.0,0.0,London,"(51.5073219, -0.1276473)",2016-04-30,16:30:00,53.3806626,-1.4702277
456,2016-04-30T16:30:00,Arsenal ,Norwich City ,1.0,0.0,London,"(51.5073219, -0.1276473)",2016-04-30,16:30:00,53.3806626,-1.4702277
457,2016-05-01T11:00:00,Swansea City ,Liverpool ,3.0,1.0,Swansea,"(51.6211442, -3.946775)",2016-05-01,11:00:00,,
458,2016-05-01T13:05:00,Manchester United ,Leicester City ,1.0,1.0,Trafford,"(53.4189014, -2.35946945066462)",2016-05-01,13:05:00,,
459,2016-05-01T15:30:00,Southampton ,Manchester City ,4.0,2.0,Southampton,"(50.9025349, -1.4041889)",2016-05-01,15:30:00,,
460,2016-05-01T15:30:00,Southampton ,Manchester City ,4.0,2.0,Southampton,"(50.9025349, -1.4041889)",2016-05-01,15:30:00,,
461,2016-05-02T19:00:00,Chelsea ,Tottenham Hotspur ,2.0,2.0,London,"(51.5073219, -0.1276473)",2016-05-02,19:00:00,,
462,2016-05-07T11:45:00,Norwich City ,Manchester United ,0.0,1.0,Norwich,"(52.628606, 1.29227)",2016-05-07,11:45:00,,
463,2016-05-07T14:00:00,AFC Bournemouth,West Bromwich Albion ,1.0,1.0,Bournemouth,"(50.74467035, -1.85798080318094)",2016-05-07,14:00:00,52.9212617,-1.476149
464,2016-05-07T14:00:00,West Ham United ,Swansea City ,1.0,4.0,London,"(51.5073219, -0.1276473)",2016-05-07,14:00:00,,
465,2016-05-07T14:00:00,Sunderland AFC,Chelsea ,3.0,2.0,Sunderland,"(54.9063791, -1.3750529)",2016-05-07,14:00:00,,
466,2016-05-07T14:00:00,Sunderland AFC,Chelsea ,3.0,2.0,Sunderland,"(54.9063791, -1.3750529)",2016-05-07,14:00:00,,
467,2016-05-07T14:00:00,Aston Villa ,Newcastle United ,0.0,0.0,Birmingham,"(52.4776875, -1.8948515)",2016-05-07,14:00:00,,
468,2016-05-07T14:00:00,West Ham United ,Swansea City ,1.0,4.0,London,"(51.5073219, -0.1276473)",2016-05-07,14:00:00,,
469,2016-05-07T14:00:00,Crystal Palace ,Stoke City ,2.0,1.0,London,"(51.5073219, -0.1276473)",2016-05-07,14:00:00,,
470,2016-05-07T16:30:00,Leicester City ,Everton ,3.0,1.0,Leicester,"(52.6367811, -1.1312288)",2016-05-07,16:30:00,,
471,2016-05-07T16:30:00,Leicester City ,Everton ,3.0,1.0,Leicester,"(52.6367811, -1.1312288)",2016-05-07,16:30:00,,
472,2016-05-08T12:30:00,Tottenham Hotspur ,Southampton ,1.0,2.0,London,"(51.5073219, -0.1276473)",2016-05-08,12:30:00,,
473,2016-05-08T15:00:00,Liverpool ,Watford ,2.0,0.0,Liverpool,"(53.4054719, -2.9805391)",2016-05-08,15:00:00,,
474,2016-05-08T15:00:00,Manchester City ,Arsenal ,2.0,2.0,Manchester,"(53.4791301, -2.2441008)",2016-05-08,15:00:00,,
475,2016-05-08T15:00:00,Manchester City ,Arsenal ,2.0,2.0,Manchester,"(53.4791301, -2.2441008)",2016-05-08,15:00:00,,
476,2016-05-10T18:45:00,West Ham United ,Manchester United ,3.0,2.0,London,"(51.5073219, -0.1276473)",2016-05-10,18:45:00,,
477,2016-05-10T18:45:00,West Ham United ,Manchester United ,3.0,2.0,London,"(51.5073219, -0.1276473)",2016-05-10,18:45:00,,
478,2016-05-11T18:45:00,Norwich City ,Watford ,4.0,2.0,Norwich,"(52.628606, 1.29227)",2016-05-11,18:45:00,,
479,2016-05-11T18:45:00,Sunderland AFC,Everton ,3.0,0.0,Sunderland,"(54.9063791, -1.3750529)",2016-05-11,18:45:00,,
480,2016-05-11T18:45:00,Sunderland AFC,Everton ,3.0,0.0,Sunderland,"(54.9063791, -1.3750529)",2016-05-11,18:45:00,,
481,2016-05-11T19:00:00,Liverpool ,Chelsea ,1.0,1.0,Liverpool,"(53.4054719, -2.9805391)",2016-05-11,19:00:00,,
482,2016-05-15T14:00:00,Newcastle United ,Tottenham Hotspur ,5.0,1.0,Newcastle upon Tyne,"(54.9770924, -1.6142058)",2016-05-15,14:00:00,,
483,2016-05-15T14:00:00,Everton ,Norwich City ,3.0,0.0,Liverpool,"(53.4054719, -2.9805391)",2016-05-15,14:00:00,,
484,2016-05-15T14:00:00,Southampton ,Crystal Palace ,4.0,1.0,Southampton,"(50.9025349, -1.4041889)",2016-05-15,14:00:00,,
485,2016-05-15T14:00:00,Arsenal ,Aston Villa ,4.0,0.0,London,"(51.5073219, -0.1276473)",2016-05-15,14:00:00,53.7435722,-0.3394757
486,2016-05-15T14:00:00,Chelsea ,Leicester City ,1.0,1.0,London,"(51.5073219, -0.1276473)",2016-05-15,14:00:00,,
487,2016-05-15T14:00:00,Swansea City ,Manchester City ,1.0,1.0,Swansea,"(51.6211442, -3.946775)",2016-05-15,14:00:00,,
488,2016-05-15T14:00:00,Watford ,Sunderland AFC,2.0,2.0,Watford,"(51.6553875, -0.3957424)",2016-05-15,14:00:00,,
489,2016-05-15T14:00:00,West Bromwich Albion ,Liverpool ,1.0,1.0,West Bromwich,"(52.5186579, -1.9923113)",2016-05-15,14:00:00,,
490,2016-05-15T14:00:00,Arsenal ,Aston Villa ,4.0,0.0,London,"(51.5073219, -0.1276473)",2016-05-15,14:00:00,52.0579495,1.1526345
491,2016-05-15T14:00:00,Southampton ,Crystal Palace ,4.0,1.0,Southampton,"(50.9025349, -1.4041889)",2016-05-15,14:00:00,,
492,2016-05-15T14:00:00,Stoke City ,West Ham United ,2.0,1.0,Stoke-on-Trent,"(53.0162014, -2.1812606)",2016-05-15,14:00:00,,
493,2016-05-17T19:00:00,Manchester United ,AFC Bournemouth,3.0,1.0,Trafford,"(53.4189014, -2.35946945066462)",2016-05-17,19:00:00,,
